{
  "IcoMoonType": "selection",
  "icons": [
    {
      "icon": {
        "paths": [
          "M512 0c282.77 0 512 229.23 512 512s-229.23 512-512 512c-282.77 0-512-229.23-512-512s229.23-512 512-512z",
          "M541.952 512l-126.72-126.72 36.25-36.173 162.918 162.893-162.918 162.918-36.198-36.224 126.694-126.694z"
        ],
        "attrs": [
          {
            "fill": "rgb(0, 0, 0)",
            "opacity": 0.3
          },
          {
            "fill": "rgb(255, 255, 255)"
          }
        ],
        "isMulticolor": true,
        "isMulticolor2": true,
        "grid": 0,
        "tags": [
          "aroow-left"
        ],
        "colorPermutations": {
          "12552552551": [
            {
              "f": 0
            },
            {
              "f": 1
            }
          ]
        }
      },
      "attrs": [
        {
          "fill": "rgb(0, 0, 0)",
          "opacity": 0.3
        },
        {
          "fill": "rgb(255, 255, 255)"
        }
      ],
      "properties": {
        "order": 46,
        "id": 1,
        "name": "aroow-left",
        "prevSize": 32
      },
      "setIdx": 0,
      "setId": 14,
      "iconIdx": 0
    },
    {
      "icon": {
        "paths": [
          "M512 0c282.77 0 512 229.23 512 512s-229.23 512-512 512c-282.77 0-512-229.23-512-512s229.23-512 512-512z",
          "M481.997 512l126.72 126.72-36.198 36.224-162.918-162.944 162.918-162.918 36.198 36.198-126.72 126.72z"
        ],
        "attrs": [
          {
            "fill": "rgb(0, 0, 0)",
            "opacity": 0.3
          },
          {
            "fill": "rgb(255, 255, 255)"
          }
        ],
        "isMulticolor": true,
        "isMulticolor2": true,
        "grid": 0,
        "tags": [
          "aroow-right"
        ],
        "colorPermutations": {
          "12552552551": [
            {
              "f": 0
            },
            {
              "f": 1
            }
          ]
        }
      },
      "attrs": [
        {
          "fill": "rgb(0, 0, 0)",
          "opacity": 0.3
        },
        {
          "fill": "rgb(255, 255, 255)"
        }
      ],
      "properties": {
        "order": 47,
        "id": 0,
        "name": "aroow-right",
        "prevSize": 32
      },
      "setIdx": 0,
      "setId": 14,
      "iconIdx": 1
    }
  ],
  "height": 1024,
  "preferences": {
    "showGlyphs": true,
    "showQuickUse": true,
    "showQuickUse2": true,
    "showSVGs": true,
    "fontPref": {
      "prefix": "icon-",
      "metadata": {
        "fontFamily": "icomoon"
      },
      "metrics": {
        "emSize": 1024,
        "baseline": 6.25,
        "whitespace": 50
      },
      "embed": false
    },
    "imagePref": {
      "prefix": "icon-",
      "png": false,
      "useClassSelector": false,
      "color": 0,
      "bgColor": 16777215,
      "classSelector": ".icon",
      "name": "icomoon",
      "height": 48,
      "columns": 16,
      "margin": 16,
      "autoHost": false,
      "overrideSize": false
    },
    "historySize": 50,
    "showCodes": true,
    "gridSize": 16,
    "quickUsageToken": {
      "UntitledProject": "YmI3MTMzZDgxNmQwOWYzNDBkZGVmY2I4ZjU5N2Y3MzgjMSMxNjcyNzMzOTYwIyMjYTVjZmJlNGM0ZDJm"
    }
  }
}